transaction_id,user_id,amount,status,timestamp
tx_1001,usr_2824,129.93,COMPLETED,2026-07-15T17:00:26Z
tx_1002,usr_3286,3683.67,COMPLETED,2026-07-19T18:25:59Z
tx_1003,usr_9935,439.26,COMPLETED,2026-07-14T12:50:22Z
tx_1004,usr_2535,1097.10,COMPLETED,2026-07-14T12:21:52Z
tx_1005,usr_4257,3581.52,FAILED,2026-07-16T21:35:49Z
tx_1006,usr_4611,2248.80,COMPLETED,2026-07-19T15:06:03Z
tx_1007,usr_1106,3795.24,COMPLETED,2026-07-16T22:02:51Z
tx_1008,usr_6574,1392.97,COMPLETED,2026-07-18T23:41:30Z
tx_1009,usr_6514,515.54,COMPLETED,2026-07-16T12:46:48Z
tx_1010,usr_6635,3020.61,PENDING,2026-07-18T18:46:29Z
tx_1011,usr_8527,2683.46,REFUNDED,2026-07-16T15:37:41Z
tx_1012,usr_2291,2762.44,PENDING,2026-07-18T02:34:42Z
tx_1013,usr_6925,2888.87,FAILED,2026-07-14T15:10:25Z
tx_1014,usr_4733,3866.48,REFUNDED,2026-07-19T13:03:52Z
tx_1015,usr_4814,4333.09,COMPLETED,2026-07-17T02:31:57Z
tx_1016,usr_6977,817.46,COMPLETED,2026-07-18T10:06:04Z
tx_1017,usr_5374,3510.59,COMPLETED,2026-07-14T18:53:55Z
tx_1018,usr_3803,2673.03,COMPLETED,2026-07-17T03:49:17Z
tx_1019,usr_7216,1353.39,PENDING,2026-07-18T12:43:15Z
tx_1020,usr_4598,3424.65,PENDING,2026-07-19T01:30:47Z
tx_1021,usr_1916,1149.10,COMPLETED,2026-07-16T06:26:28Z
tx_1022,usr_7572,1342.37,COMPLETED,2026-07-20T01:49:16Z
tx_1023,usr_6155,1067.07,COMPLETED,2026-07-19T17:20:28Z
tx_1024,usr_8517,718.64,COMPLETED,2026-07-18T20:59:48Z
tx_1025,usr_9830,1317.39,COMPLETED,2026-07-19T19:15:17Z
tx_1026,usr_7543,1813.17,REFUNDED,2026-07-15T04:38:45Z
tx_1027,usr_9348,2470.11,FAILED,2026-07-19T13:54:25Z
tx_1028,usr_2796,768.44,COMPLETED,2026-07-18T11:36:08Z
tx_1029,usr_7916,2984.06,COMPLETED,2026-07-17T23:16:57Z
tx_1030,usr_8668,2647.93,REFUNDED,2026-07-19T13:51:36Z
tx_1031,usr_1188,3403.02,COMPLETED,2026-07-19T17:21:23Z
tx_1032,usr_9797,3755.63,FAILED,2026-07-16T10:02:29Z
tx_1033,usr_2827,1471.03,COMPLETED,2026-07-14T08:58:21Z
tx_1034,usr_5315,4859.58,FAILED,2026-07-17T10:26:11Z
tx_1035,usr_2743,4353.24,COMPLETED,2026-07-18T05:33:13Z
tx_1036,usr_9317,3046.81,COMPLETED,2026-07-18T23:32:55Z
tx_1037,usr_3646,2699.20,FAILED,2026-07-17T13:44:18Z
tx_1038,usr_1009,2996.73,COMPLETED,2026-07-15T00:47:30Z
tx_1039,usr_6947,4394.22,PENDING,2026-07-16T05:17:05Z
tx_1040,usr_4923,294.34,PENDING,2026-07-20T02:24:34Z
tx_1041,usr_2290,432.84,COMPLETED,2026-07-14T18:34:47Z
tx_1042,usr_9727,3830.34,COMPLETED,2026-07-17T05:43:04Z
tx_1043,usr_3705,1328.96,PENDING,2026-07-16T22:07:26Z
tx_1044,usr_4470,4644.92,FAILED,2026-07-18T12:58:09Z
tx_1045,usr_4295,3566.18,COMPLETED,2026-07-18T10:19:17Z
tx_1046,usr_7118,2193.31,COMPLETED,2026-07-15T02:07:21Z
tx_1047,usr_5061,1127.36,COMPLETED,2026-07-17T22:10:43Z
tx_1048,usr_4770,2944.26,COMPLETED,2026-07-18T15:35:12Z
tx_1049,usr_1964,1148.56,PENDING,2026-07-19T13:41:36Z
tx_1050,usr_6413,358.93,COMPLETED,2026-07-18T09:55:37Z
tx_1051,usr_8953,1075.11,COMPLETED,2026-07-20T00:44:38Z
tx_1052,usr_8744,1218.77,COMPLETED,2026-07-16T19:46:56Z
tx_1053,usr_4119,476.16,COMPLETED,2026-07-16T12:05:53Z
tx_1054,usr_7939,2058.46,PENDING,2026-07-14T16:23:21Z
tx_1055,usr_2612,307.76,FAILED,2026-07-19T05:05:41Z
tx_1056,usr_2790,1247.04,COMPLETED,2026-07-17T01:50:02Z
tx_1057,usr_3296,2112.30,COMPLETED,2026-07-15T20:52:50Z
tx_1058,usr_2235,2218.44,PENDING,2026-07-17T16:38:48Z
tx_1059,usr_2604,257.69,REFUNDED,2026-07-19T10:15:19Z
tx_1060,usr_1241,4845.14,PENDING,2026-07-19T12:06:00Z
tx_1061,usr_4872,835.72,COMPLETED,2026-07-15T15:37:45Z
tx_1062,usr_7570,4512.70,COMPLETED,2026-07-14T08:48:50Z
tx_1063,usr_7396,1329.69,FAILED,2026-07-17T02:45:55Z
tx_1064,usr_5673,2117.92,REFUNDED,2026-07-19T02:35:07Z
tx_1065,usr_8973,778.21,COMPLETED,2026-07-14T17:01:02Z
tx_1066,usr_9883,309.48,COMPLETED,2026-07-14T15:48:09Z
tx_1067,usr_8811,2516.74,PENDING,2026-07-15T07:25:40Z
tx_1068,usr_1931,4804.09,COMPLETED,2026-07-15T11:33:45Z
tx_1069,usr_2122,2977.20,COMPLETED,2026-07-15T18:45:14Z
tx_1070,usr_7615,603.83,PENDING,2026-07-15T20:21:27Z
tx_1071,usr_1651,3098.81,COMPLETED,2026-07-17T21:30:12Z
tx_1072,usr_9565,1585.27,COMPLETED,2026-07-18T10:02:09Z
tx_1073,usr_6147,1197.24,COMPLETED,2026-07-18T10:19:19Z
tx_1074,usr_5915,2288.84,PENDING,2026-07-20T00:46:34Z
tx_1075,usr_2188,51.53,COMPLETED,2026-07-17T18:29:30Z
tx_1076,usr_2638,370.94,COMPLETED,2026-07-15T23:07:21Z
tx_1077,usr_3170,4666.63,PENDING,2026-07-19T16:33:10Z
tx_1078,usr_5002,1850.79,COMPLETED,2026-07-19T09:55:22Z
tx_1079,usr_9900,3519.18,COMPLETED,2026-07-19T06:02:32Z
tx_1080,usr_9666,44.08,PENDING,2026-07-16T04:06:00Z
tx_1081,usr_2697,4694.96,COMPLETED,2026-07-15T01:18:37Z
tx_1082,usr_2753,3713.37,COMPLETED,2026-07-16T01:32:01Z
tx_1083,usr_4450,3589.47,COMPLETED,2026-07-18T04:52:03Z
tx_1084,usr_5325,2529.52,COMPLETED,2026-07-19T20:45:36Z
tx_1085,usr_1832,466.03,COMPLETED,2026-07-16T00:47:40Z
tx_1086,usr_1722,22.71,FAILED,2026-07-18T05:17:10Z
tx_1087,usr_5291,812.10,COMPLETED,2026-07-18T15:16:12Z
tx_1088,usr_8007,2806.73,COMPLETED,2026-07-20T02:07:58Z
tx_1089,usr_3442,2730.22,PENDING,2026-07-17T21:20:02Z
tx_1090,usr_3426,2151.78,COMPLETED,2026-07-16T13:36:22Z
tx_1091,usr_1653,4495.13,COMPLETED,2026-07-15T20:50:25Z
tx_1092,usr_2684,1771.62,COMPLETED,2026-07-19T15:53:21Z
tx_1093,usr_7658,4869.32,FAILED,2026-07-19T23:19:26Z
tx_1094,usr_4878,4323.71,REFUNDED,2026-07-19T06:34:37Z
tx_1095,usr_3900,4407.67,COMPLETED,2026-07-18T19:46:11Z
tx_1096,usr_6442,3913.02,COMPLETED,2026-07-18T10:03:44Z
tx_1097,usr_5065,1337.69,FAILED,2026-07-15T00:14:33Z
tx_1098,usr_7267,4361.47,PENDING,2026-07-15T16:53:39Z
tx_1099,usr_4269,4083.85,COMPLETED,2026-07-16T04:56:47Z
tx_1100,usr_4728,1118.50,COMPLETED,2026-07-16T18:31:50Z
tx_1101,usr_6378,1396.62,COMPLETED,2026-07-19T01:07:25Z
tx_1102,usr_5573,1758.97,COMPLETED,2026-07-18T11:27:43Z
tx_1103,usr_9785,1659.09,COMPLETED,2026-07-19T16:13:40Z
tx_1104,usr_5279,896.95,REFUNDED,2026-07-15T23:09:40Z
tx_1105,usr_1626,546.47,COMPLETED,2026-07-18T18:36:07Z
tx_1106,usr_6139,2184.79,REFUNDED,2026-07-15T01:20:31Z
tx_1107,usr_7311,4498.03,COMPLETED,2026-07-14T14:57:51Z
tx_1108,usr_8144,13.45,PENDING,2026-07-17T14:55:03Z
tx_1109,usr_4228,1824.29,COMPLETED,2026-07-18T09:14:11Z
tx_1110,usr_6409,3117.66,COMPLETED,2026-07-15T02:38:59Z
tx_1111,usr_5920,2538.08,COMPLETED,2026-07-16T08:00:13Z
tx_1112,usr_7592,3487.56,COMPLETED,2026-07-15T12:26:19Z
tx_1113,usr_7888,3326.32,COMPLETED,2026-07-18T21:27:17Z
tx_1114,usr_3851,3079.50,COMPLETED,2026-07-17T16:17:56Z
tx_1115,usr_1006,1522.86,COMPLETED,2026-07-19T02:56:03Z
tx_1116,usr_6279,2327.62,COMPLETED,2026-07-15T15:37:21Z
tx_1117,usr_9375,2368.56,PENDING,2026-07-19T04:25:46Z
tx_1118,usr_3780,3295.96,COMPLETED,2026-07-18T09:10:50Z
tx_1119,usr_6491,471.47,REFUNDED,2026-07-15T18:42:18Z
tx_1120,usr_6085,1127.08,COMPLETED,2026-07-14T12:03:25Z
tx_1121,usr_1757,1227.99,COMPLETED,2026-07-19T12:15:07Z
tx_1122,usr_2193,2279.80,PENDING,2026-07-17T20:20:17Z
tx_1123,usr_4185,3593.14,COMPLETED,2026-07-16T18:42:13Z
tx_1124,usr_4997,742.12,COMPLETED,2026-07-19T18:30:10Z
tx_1125,usr_2746,3893.21,COMPLETED,2026-07-19T05:36:25Z
tx_1126,usr_9486,2325.43,COMPLETED,2026-07-19T22:06:58Z
tx_1127,usr_2988,2285.03,PENDING,2026-07-18T09:43:22Z
tx_1128,usr_9702,4939.52,COMPLETED,2026-07-20T02:51:34Z
tx_1129,usr_8251,3065.20,FAILED,2026-07-17T10:00:49Z
tx_1130,usr_7991,4153.69,COMPLETED,2026-07-19T19:09:55Z
tx_1131,usr_3607,3719.56,COMPLETED,2026-07-15T22:14:51Z
tx_1132,usr_5050,4200.12,COMPLETED,2026-07-19T01:45:25Z
tx_1133,usr_9540,2425.56,COMPLETED,2026-07-17T00:33:39Z
tx_1134,usr_2269,3569.16,COMPLETED,2026-07-16T09:24:40Z
tx_1135,usr_6238,4465.67,COMPLETED,2026-07-15T06:27:58Z
tx_1136,usr_4788,1918.26,COMPLETED,2026-07-15T15:39:32Z
tx_1137,usr_2052,2077.27,COMPLETED,2026-07-17T04:21:18Z
tx_1138,usr_7812,316.02,PENDING,2026-07-16T17:13:18Z
tx_1139,usr_1320,4284.38,FAILED,2026-07-16T15:53:49Z
tx_1140,usr_8814,34.45,COMPLETED,2026-07-18T22:13:57Z
tx_1141,usr_7389,4267.97,REFUNDED,2026-07-16T21:31:27Z
tx_1142,usr_9818,3738.84,COMPLETED,2026-07-18T00:21:18Z
tx_1143,usr_4613,2443.71,COMPLETED,2026-07-17T07:13:36Z
tx_1144,usr_1475,1947.34,COMPLETED,2026-07-19T04:44:16Z
tx_1145,usr_7624,3622.29,PENDING,2026-07-19T22:25:04Z
tx_1146,usr_3091,4903.71,COMPLETED,2026-07-19T20:34:51Z
tx_1147,usr_7455,2961.50,COMPLETED,2026-07-14T20:43:32Z
tx_1148,usr_8022,682.82,COMPLETED,2026-07-14T15:49:23Z
tx_1149,usr_5262,1898.62,COMPLETED,2026-07-16T08:06:01Z
tx_1150,usr_6529,3807.34,COMPLETED,2026-07-18T22:01:09Z
tx_1151,usr_7906,1265.10,COMPLETED,2026-07-14T11:19:22Z
tx_1152,usr_9837,265.17,REFUNDED,2026-07-15T17:09:16Z
tx_1153,usr_2124,3907.26,COMPLETED,2026-07-18T22:20:35Z
tx_1154,usr_1508,4748.31,COMPLETED,2026-07-14T11:28:04Z
tx_1155,usr_3496,1196.53,COMPLETED,2026-07-15T01:09:33Z
tx_1156,usr_4571,2327.84,COMPLETED,2026-07-16T14:13:27Z
tx_1157,usr_3749,3031.43,REFUNDED,2026-07-18T17:07:06Z
tx_1158,usr_2876,3890.07,COMPLETED,2026-07-16T05:47:53Z
tx_1159,usr_2771,2895.53,PENDING,2026-07-17T20:21:23Z
tx_1160,usr_7149,1986.29,FAILED,2026-07-14T19:34:04Z
tx_1161,usr_4978,514.00,FAILED,2026-07-19T12:19:58Z
tx_1162,usr_2983,3982.15,COMPLETED,2026-07-14T14:28:52Z
tx_1163,usr_6688,2666.06,COMPLETED,2026-07-14T18:32:33Z
tx_1164,usr_9289,3239.48,COMPLETED,2026-07-16T21:40:31Z
tx_1165,usr_9031,532.17,REFUNDED,2026-07-18T05:03:49Z
tx_1166,usr_8532,3538.01,COMPLETED,2026-07-18T19:22:00Z
tx_1167,usr_9548,4827.54,COMPLETED,2026-07-19T06:12:09Z
tx_1168,usr_9817,3874.33,COMPLETED,2026-07-19T08:45:22Z
tx_1169,usr_5397,1614.91,COMPLETED,2026-07-20T00:36:51Z
tx_1170,usr_2419,1398.25,COMPLETED,2026-07-18T21:47:45Z
tx_1171,usr_8613,2851.40,COMPLETED,2026-07-16T09:29:28Z
tx_1172,usr_1470,2474.06,COMPLETED,2026-07-17T07:30:16Z
tx_1173,usr_4475,1777.35,COMPLETED,2026-07-16T01:13:41Z
tx_1174,usr_5526,2781.18,COMPLETED,2026-07-15T12:19:28Z
tx_1175,usr_2402,1210.57,COMPLETED,2026-07-17T17:21:12Z
tx_1176,usr_4937,3454.59,COMPLETED,2026-07-17T07:58:51Z
tx_1177,usr_8342,3965.70,COMPLETED,2026-07-15T16:46:20Z
tx_1178,usr_7625,3460.48,COMPLETED,2026-07-17T21:11:42Z
tx_1179,usr_7046,2368.94,COMPLETED,2026-07-16T22:28:06Z
tx_1180,usr_6419,1762.29,COMPLETED,2026-07-16T05:09:18Z
tx_1181,usr_5118,1156.54,FAILED,2026-07-16T06:27:18Z
tx_1182,usr_2958,3715.69,REFUNDED,2026-07-18T13:00:44Z
tx_1183,usr_4033,961.75,FAILED,2026-07-16T00:46:05Z
tx_1184,usr_9595,2985.97,REFUNDED,2026-07-19T09:45:37Z
tx_1185,usr_4180,1484.75,COMPLETED,2026-07-16T04:31:15Z
tx_1186,usr_1231,3541.55,COMPLETED,2026-07-14T15:07:43Z
tx_1187,usr_1893,2769.03,COMPLETED,2026-07-15T02:53:26Z
tx_1188,usr_9042,517.43,COMPLETED,2026-07-16T01:54:35Z
tx_1189,usr_8690,2396.18,COMPLETED,2026-07-14T15:58:56Z
tx_1190,usr_5136,4705.61,COMPLETED,2026-07-19T08:13:45Z
tx_1191,usr_2070,2006.53,COMPLETED,2026-07-18T04:10:10Z
tx_1192,usr_1878,762.88,PENDING,2026-07-20T02:43:35Z
tx_1193,usr_5978,430.48,COMPLETED,2026-07-17T17:46:30Z
tx_1194,usr_7818,3033.56,FAILED,2026-07-15T17:22:05Z
tx_1195,usr_9561,1904.99,PENDING,2026-07-16T03:48:18Z
tx_1196,usr_8025,1530.37,COMPLETED,2026-07-18T01:17:02Z
tx_1197,usr_2625,4738.21,COMPLETED,2026-07-15T15:13:57Z
tx_1198,usr_5335,3303.84,COMPLETED,2026-07-15T09:48:48Z
tx_1199,usr_2229,786.88,COMPLETED,2026-07-18T12:53:49Z
tx_1200,usr_8699,1459.84,COMPLETED,2026-07-18T15:27:28Z
tx_1201,usr_5632,3516.42,COMPLETED,2026-07-18T12:36:27Z
tx_1202,usr_4824,4619.94,FAILED,2026-07-18T03:31:50Z
tx_1203,usr_4241,2128.57,COMPLETED,2026-07-18T06:49:07Z
tx_1204,usr_3441,4542.52,PENDING,2026-07-14T18:53:59Z
tx_1205,usr_1977,833.78,COMPLETED,2026-07-18T21:34:29Z
tx_1206,usr_5728,2198.57,COMPLETED,2026-07-16T04:47:11Z
tx_1207,usr_7594,4713.67,COMPLETED,2026-07-17T08:24:50Z
tx_1208,usr_8172,406.81,COMPLETED,2026-07-16T23:25:07Z
tx_1209,usr_6280,3020.55,COMPLETED,2026-07-15T17:50:22Z
tx_1210,usr_1339,4997.86,COMPLETED,2026-07-15T23:45:01Z
tx_1211,usr_1659,3816.73,COMPLETED,2026-07-17T12:04:46Z
tx_1212,usr_8245,4580.78,COMPLETED,2026-07-17T21:44:41Z
tx_1213,usr_8141,3175.75,COMPLETED,2026-07-14T21:47:17Z
tx_1214,usr_8700,1743.07,COMPLETED,2026-07-18T10:05:42Z
tx_1215,usr_2713,4289.38,COMPLETED,2026-07-18T13:31:24Z
tx_1216,usr_9117,1444.65,PENDING,2026-07-19T06:59:02Z
tx_1217,usr_1601,2276.86,COMPLETED,2026-07-16T07:34:48Z
tx_1218,usr_2899,4851.07,COMPLETED,2026-07-17T11:26:36Z
tx_1219,usr_1018,3290.01,COMPLETED,2026-07-16T20:41:00Z
tx_1220,usr_1888,941.97,COMPLETED,2026-07-18T22:39:54Z
tx_1221,usr_9167,3128.92,FAILED,2026-07-15T14:08:43Z
tx_1222,usr_5375,2748.35,PENDING,2026-07-17T00:18:19Z
tx_1223,usr_8941,611.52,REFUNDED,2026-07-18T01:10:24Z
tx_1224,usr_4920,3550.37,COMPLETED,2026-07-14T10:29:29Z
tx_1225,usr_7684,470.58,REFUNDED,2026-07-19T21:27:18Z
tx_1226,usr_2858,2309.93,COMPLETED,2026-07-19T09:41:22Z
tx_1227,usr_3522,2494.39,FAILED,2026-07-17T10:36:35Z
tx_1228,usr_5479,2080.37,COMPLETED,2026-07-17T05:16:19Z
tx_1229,usr_4993,2286.65,COMPLETED,2026-07-15T12:15:34Z
tx_1230,usr_9327,3732.73,COMPLETED,2026-07-14T18:40:00Z
tx_1231,usr_5526,3864.51,PENDING,2026-07-16T09:59:52Z
tx_1232,usr_9318,1339.53,COMPLETED,2026-07-18T18:14:19Z
tx_1233,usr_5891,4188.19,COMPLETED,2026-07-18T08:36:39Z
tx_1234,usr_9022,4326.98,COMPLETED,2026-07-17T07:02:14Z
tx_1235,usr_6654,1665.54,FAILED,2026-07-16T15:26:06Z
tx_1236,usr_8460,4664.60,PENDING,2026-07-18T14:04:50Z
tx_1237,usr_4912,2861.13,COMPLETED,2026-07-19T01:26:48Z
tx_1238,usr_7730,223.02,FAILED,2026-07-18T15:12:22Z
tx_1239,usr_7246,1933.46,COMPLETED,2026-07-19T08:01:48Z
tx_1240,usr_3492,2479.17,COMPLETED,2026-07-17T09:39:05Z
tx_1241,usr_6439,4349.15,PENDING,2026-07-17T00:37:27Z
tx_1242,usr_2633,2632.13,COMPLETED,2026-07-18T17:42:48Z
tx_1243,usr_3361,2052.84,COMPLETED,2026-07-15T06:58:49Z
tx_1244,usr_2225,2350.11,REFUNDED,2026-07-16T09:48:23Z
tx_1245,usr_7512,3250.93,PENDING,2026-07-19T12:37:52Z
tx_1246,usr_9742,1903.15,COMPLETED,2026-07-18T17:10:14Z
tx_1247,usr_8994,4362.55,COMPLETED,2026-07-14T18:27:52Z
tx_1248,usr_4846,3157.65,PENDING,2026-07-15T17:37:48Z
tx_1249,usr_2480,2172.69,COMPLETED,2026-07-18T04:47:46Z
tx_1250,usr_2646,2221.17,COMPLETED,2026-07-19T20:04:14Z
tx_1251,usr_1474,234.72,FAILED,2026-07-16T03:13:29Z
tx_1252,usr_6873,1877.33,COMPLETED,2026-07-17T13:51:24Z
tx_1253,usr_7751,2831.81,FAILED,2026-07-15T09:15:20Z
tx_1254,usr_3868,399.45,PENDING,2026-07-18T02:45:06Z
tx_1255,usr_4945,2490.85,COMPLETED,2026-07-15T18:18:53Z
tx_1256,usr_8555,3191.33,COMPLETED,2026-07-18T09:36:56Z
tx_1257,usr_1153,4495.05,COMPLETED,2026-07-16T02:23:21Z
tx_1258,usr_9955,794.09,COMPLETED,2026-07-16T10:49:35Z
tx_1259,usr_5901,3196.50,COMPLETED,2026-07-15T20:55:23Z
tx_1260,usr_8484,4227.29,COMPLETED,2026-07-16T16:31:30Z
tx_1261,usr_8916,537.73,COMPLETED,2026-07-16T12:46:37Z
tx_1262,usr_5847,4963.50,COMPLETED,2026-07-19T09:22:58Z
tx_1263,usr_7484,1376.03,COMPLETED,2026-07-18T12:22:36Z
tx_1264,usr_1803,4553.53,FAILED,2026-07-19T09:47:27Z
tx_1265,usr_5689,3879.83,COMPLETED,2026-07-19T05:17:23Z
tx_1266,usr_6772,1098.93,COMPLETED,2026-07-15T21:00:00Z
tx_1267,usr_3240,3143.10,PENDING,2026-07-18T06:37:48Z
tx_1268,usr_1645,1548.12,COMPLETED,2026-07-17T20:54:23Z
tx_1269,usr_6977,3663.14,COMPLETED,2026-07-16T03:28:42Z
tx_1270,usr_6352,3738.67,COMPLETED,2026-07-15T03:44:49Z
tx_1271,usr_9837,4382.92,COMPLETED,2026-07-17T09:34:44Z
tx_1272,usr_5465,4153.21,COMPLETED,2026-07-19T08:36:14Z
tx_1273,usr_8894,4837.08,COMPLETED,2026-07-19T15:15:38Z
tx_1274,usr_6549,4022.14,COMPLETED,2026-07-14T19:27:58Z
tx_1275,usr_3306,3771.99,COMPLETED,2026-07-18T10:59:48Z
tx_1276,usr_7511,4836.51,PENDING,2026-07-16T13:46:11Z
tx_1277,usr_2479,3954.46,COMPLETED,2026-07-17T14:38:38Z
tx_1278,usr_3024,2276.66,COMPLETED,2026-07-18T10:25:00Z
tx_1279,usr_5295,2924.88,PENDING,2026-07-20T01:26:23Z
tx_1280,usr_7086,546.19,COMPLETED,2026-07-14T12:08:40Z
tx_1281,usr_6374,4576.70,COMPLETED,2026-07-14T17:42:23Z
tx_1282,usr_8606,4547.39,COMPLETED,2026-07-16T19:57:44Z
tx_1283,usr_2911,703.19,PENDING,2026-07-16T04:49:34Z
tx_1284,usr_9071,585.02,COMPLETED,2026-07-17T14:47:09Z
tx_1285,usr_3222,1946.29,COMPLETED,2026-07-20T02:45:48Z
tx_1286,usr_9850,2098.54,FAILED,2026-07-15T07:00:14Z
tx_1287,usr_7797,3276.33,PENDING,2026-07-18T02:09:39Z
tx_1288,usr_7686,4695.57,COMPLETED,2026-07-18T13:01:45Z
tx_1289,usr_7070,1090.26,COMPLETED,2026-07-15T18:53:11Z
tx_1290,usr_6942,501.28,COMPLETED,2026-07-17T15:47:36Z
tx_1291,usr_6876,307.45,COMPLETED,2026-07-15T02:17:26Z
tx_1292,usr_8450,462.91,COMPLETED,2026-07-18T05:37:58Z
tx_1293,usr_1349,257.64,COMPLETED,2026-07-15T02:50:20Z
tx_1294,usr_4362,347.71,FAILED,2026-07-15T14:40:10Z
tx_1295,usr_4538,4066.20,COMPLETED,2026-07-19T01:16:32Z
tx_1296,usr_3417,3944.28,COMPLETED,2026-07-16T00:52:51Z
tx_1297,usr_3370,4937.70,COMPLETED,2026-07-19T04:47:31Z
tx_1298,usr_3858,554.08,PENDING,2026-07-15T03:41:42Z
tx_1299,usr_1243,1794.42,FAILED,2026-07-17T22:15:28Z
tx_1300,usr_6304,83.83,COMPLETED,2026-07-15T02:57:37Z
tx_1301,usr_7897,2632.80,FAILED,2026-07-17T05:51:30Z
tx_1302,usr_8344,3891.20,COMPLETED,2026-07-15T00:22:55Z
tx_1303,usr_8405,2521.67,PENDING,2026-07-14T14:48:55Z
tx_1304,usr_9543,1511.64,COMPLETED,2026-07-14T13:02:11Z
tx_1305,usr_1996,4992.94,PENDING,2026-07-16T22:34:50Z
tx_1306,usr_2768,2453.89,PENDING,2026-07-14T19:12:10Z
tx_1307,usr_2323,1613.95,COMPLETED,2026-07-15T02:52:40Z
tx_1308,usr_5505,3123.47,COMPLETED,2026-07-18T16:12:53Z
tx_1309,usr_6327,1907.62,COMPLETED,2026-07-16T03:26:51Z
tx_1310,usr_8433,2530.23,COMPLETED,2026-07-19T04:00:10Z
tx_1311,usr_2874,4264.70,COMPLETED,2026-07-19T00:29:17Z
tx_1312,usr_4522,2153.20,PENDING,2026-07-16T20:45:57Z
tx_1313,usr_6553,4137.96,COMPLETED,2026-07-18T18:45:27Z
tx_1314,usr_2557,1566.18,COMPLETED,2026-07-15T21:37:15Z
tx_1315,usr_7132,4768.19,COMPLETED,2026-07-17T05:34:12Z
tx_1316,usr_2099,460.67,COMPLETED,2026-07-16T23:23:47Z
tx_1317,usr_2582,3724.22,COMPLETED,2026-07-15T03:26:57Z
tx_1318,usr_1982,2934.39,COMPLETED,2026-07-16T08:30:29Z
tx_1319,usr_3002,2056.99,PENDING,2026-07-20T01:33:43Z
tx_1320,usr_7929,4341.12,FAILED,2026-07-16T02:23:20Z
tx_1321,usr_6119,1761.47,COMPLETED,2026-07-15T15:28:56Z
tx_1322,usr_3535,3285.40,COMPLETED,2026-07-15T00:15:37Z
tx_1323,usr_6736,4227.64,COMPLETED,2026-07-18T23:33:44Z
tx_1324,usr_5564,2872.63,PENDING,2026-07-19T11:35:04Z
tx_1325,usr_1430,3046.93,COMPLETED,2026-07-18T13:29:38Z
tx_1326,usr_5381,149.62,COMPLETED,2026-07-18T23:32:02Z
tx_1327,usr_6062,4608.08,COMPLETED,2026-07-15T10:55:08Z
tx_1328,usr_3347,2833.77,COMPLETED,2026-07-15T05:09:43Z
tx_1329,usr_1502,463.33,COMPLETED,2026-07-16T15:17:14Z
tx_1330,usr_7878,2270.96,COMPLETED,2026-07-16T05:53:07Z
tx_1331,usr_6314,3885.29,COMPLETED,2026-07-14T20:52:21Z
tx_1332,usr_1861,782.12,FAILED,2026-07-14T15:44:49Z
tx_1333,usr_2336,1364.15,COMPLETED,2026-07-17T07:13:46Z
tx_1334,usr_8242,2073.85,COMPLETED,2026-07-17T11:06:57Z
tx_1335,usr_2864,1729.14,COMPLETED,2026-07-18T11:16:21Z
tx_1336,usr_8972,2637.04,COMPLETED,2026-07-15T16:36:55Z
tx_1337,usr_7475,4922.31,COMPLETED,2026-07-15T14:16:16Z
tx_1338,usr_5938,4726.89,FAILED,2026-07-18T23:47:20Z
tx_1339,usr_5186,1450.79,COMPLETED,2026-07-17T08:56:13Z
tx_1340,usr_8055,882.60,COMPLETED,2026-07-18T14:58:46Z
tx_1341,usr_4770,2503.81,PENDING,2026-07-19T05:54:41Z
tx_1342,usr_6802,365.02,PENDING,2026-07-14T14:39:38Z
tx_1343,usr_8147,98.61,PENDING,2026-07-19T14:03:13Z
tx_1344,usr_6129,2880.92,COMPLETED,2026-07-18T15:49:41Z
tx_1345,usr_7843,1451.13,COMPLETED,2026-07-16T07:47:52Z
tx_1346,usr_3815,4007.60,COMPLETED,2026-07-19T09:40:21Z
tx_1347,usr_6928,445.21,PENDING,2026-07-15T19:56:07Z
tx_1348,usr_8138,2946.41,COMPLETED,2026-07-16T18:08:15Z
tx_1349,usr_6083,3730.30,COMPLETED,2026-07-19T01:58:02Z
tx_1350,usr_3754,386.51,COMPLETED,2026-07-17T13:46:29Z
tx_1351,usr_9355,973.55,FAILED,2026-07-16T11:37:57Z
tx_1352,usr_3419,1185.16,COMPLETED,2026-07-15T13:13:47Z
tx_1353,usr_3842,3013.98,FAILED,2026-07-18T07:57:55Z
tx_1354,usr_2234,889.84,FAILED,2026-07-17T08:27:39Z
tx_1355,usr_8601,3773.46,FAILED,2026-07-17T01:52:35Z
tx_1356,usr_6295,4321.91,COMPLETED,2026-07-15T06:29:05Z
tx_1357,usr_8205,346.09,COMPLETED,2026-07-16T04:36:05Z
tx_1358,usr_5500,2959.14,COMPLETED,2026-07-14T19:18:17Z
tx_1359,usr_6085,2311.40,COMPLETED,2026-07-16T14:12:04Z
tx_1360,usr_5703,388.27,PENDING,2026-07-19T13:03:40Z
tx_1361,usr_2479,3076.97,COMPLETED,2026-07-17T03:53:14Z
tx_1362,usr_1672,2251.42,PENDING,2026-07-18T07:25:50Z
tx_1363,usr_4084,1611.03,COMPLETED,2026-07-15T06:28:14Z
tx_1364,usr_2013,2255.36,PENDING,2026-07-19T10:27:06Z
tx_1365,usr_6626,4912.02,COMPLETED,2026-07-18T06:35:56Z
tx_1366,usr_3827,200.51,FAILED,2026-07-17T00:29:43Z
tx_1367,usr_9586,2616.13,COMPLETED,2026-07-16T14:48:01Z
tx_1368,usr_5634,1940.15,FAILED,2026-07-18T11:22:17Z
tx_1369,usr_1857,3947.19,COMPLETED,2026-07-14T18:05:56Z
tx_1370,usr_6401,477.06,COMPLETED,2026-07-16T01:52:54Z
tx_1371,usr_5128,3620.05,COMPLETED,2026-07-19T20:29:44Z
tx_1372,usr_3463,1670.14,COMPLETED,2026-07-15T05:05:49Z
tx_1373,usr_6731,1554.61,COMPLETED,2026-07-18T08:55:49Z
tx_1374,usr_7421,649.11,FAILED,2026-07-14T20:50:17Z
tx_1375,usr_6072,2796.82,COMPLETED,2026-07-16T08:20:16Z
tx_1376,usr_3093,3352.23,PENDING,2026-07-18T20:05:30Z
tx_1377,usr_9624,471.80,COMPLETED,2026-07-17T10:33:14Z
tx_1378,usr_6928,96.06,COMPLETED,2026-07-20T03:01:26Z
tx_1379,usr_4509,1711.95,FAILED,2026-07-15T12:27:46Z
tx_1380,usr_4711,4999.88,COMPLETED,2026-07-16T03:34:40Z
tx_1381,usr_2657,2540.91,COMPLETED,2026-07-18T20:04:22Z
tx_1382,usr_9626,193.55,COMPLETED,2026-07-19T00:06:05Z
tx_1383,usr_3147,2988.25,COMPLETED,2026-07-15T10:50:15Z
tx_1384,usr_3712,3607.31,COMPLETED,2026-07-16T13:33:17Z
tx_1385,usr_4891,4848.10,COMPLETED,2026-07-18T22:04:29Z
tx_1386,usr_8355,1173.84,COMPLETED,2026-07-19T06:15:51Z
tx_1387,usr_8684,4520.35,COMPLETED,2026-07-18T11:17:08Z
tx_1388,usr_8218,2311.09,COMPLETED,2026-07-16T16:06:51Z
tx_1389,usr_9239,2639.66,REFUNDED,2026-07-19T07:28:06Z
tx_1390,usr_4271,4007.29,COMPLETED,2026-07-15T20:54:33Z
tx_1391,usr_1854,3207.69,PENDING,2026-07-17T17:15:39Z
tx_1392,usr_2680,3558.45,COMPLETED,2026-07-15T02:39:27Z
tx_1393,usr_5670,423.96,COMPLETED,2026-07-17T01:56:12Z
tx_1394,usr_9410,741.01,COMPLETED,2026-07-20T02:19:53Z
tx_1395,usr_4637,4084.43,PENDING,2026-07-20T00:00:35Z
tx_1396,usr_1436,2077.41,COMPLETED,2026-07-16T14:57:43Z
tx_1397,usr_4862,1933.90,COMPLETED,2026-07-15T17:12:02Z
tx_1398,usr_1461,1596.83,COMPLETED,2026-07-18T16:35:10Z
tx_1399,usr_6493,3957.95,COMPLETED,2026-07-16T02:16:47Z
tx_1400,usr_8740,3481.88,COMPLETED,2026-07-18T15:15:04Z
tx_1401,usr_8685,2245.76,COMPLETED,2026-07-14T20:02:17Z
tx_1402,usr_1311,1283.34,PENDING,2026-07-17T16:25:31Z
tx_1403,usr_9647,2119.16,FAILED,2026-07-15T19:06:31Z
tx_1404,usr_5934,613.63,COMPLETED,2026-07-18T05:33:14Z
tx_1405,usr_8489,318.72,PENDING,2026-07-17T09:17:34Z
tx_1406,usr_9782,87.09,COMPLETED,2026-07-15T19:44:05Z
tx_1407,usr_3352,1459.90,COMPLETED,2026-07-16T11:52:57Z
tx_1408,usr_4941,2855.47,COMPLETED,2026-07-18T09:48:57Z
tx_1409,usr_2402,2619.81,COMPLETED,2026-07-20T03:20:58Z
tx_1410,usr_9618,2722.69,FAILED,2026-07-17T10:25:40Z
tx_1411,usr_1333,1955.32,COMPLETED,2026-07-18T05:04:34Z
tx_1412,usr_7338,4905.29,COMPLETED,2026-07-14T10:51:55Z
tx_1413,usr_6850,3943.66,COMPLETED,2026-07-18T19:14:32Z
tx_1414,usr_2698,3858.65,FAILED,2026-07-16T08:55:35Z
tx_1415,usr_3185,226.46,COMPLETED,2026-07-19T06:58:32Z
tx_1416,usr_3868,4152.77,COMPLETED,2026-07-18T13:46:24Z
tx_1417,usr_8840,3160.52,PENDING,2026-07-14T17:41:22Z
tx_1418,usr_8498,189.73,COMPLETED,2026-07-19T03:42:49Z
tx_1419,usr_4268,4429.52,COMPLETED,2026-07-16T05:39:29Z
tx_1420,usr_9444,1994.13,PENDING,2026-07-17T05:26:37Z
tx_1421,usr_5150,187.92,COMPLETED,2026-07-16T02:10:04Z
tx_1422,usr_6848,4311.38,COMPLETED,2026-07-18T07:59:52Z
tx_1423,usr_6438,1369.72,FAILED,2026-07-17T00:08:08Z
tx_1424,usr_7553,3717.82,PENDING,2026-07-16T16:48:33Z
tx_1425,usr_6554,4868.75,COMPLETED,2026-07-17T08:57:25Z
tx_1426,usr_7018,4621.93,COMPLETED,2026-07-19T05:10:32Z
tx_1427,usr_2353,3636.77,COMPLETED,2026-07-18T00:14:19Z
tx_1428,usr_3956,2729.64,COMPLETED,2026-07-14T20:09:39Z
tx_1429,usr_6372,3306.29,COMPLETED,2026-07-18T00:15:47Z
tx_1430,usr_7981,837.39,COMPLETED,2026-07-17T01:37:04Z
tx_1431,usr_1693,3635.44,PENDING,2026-07-18T02:02:39Z
tx_1432,usr_8126,1376.40,REFUNDED,2026-07-20T02:32:54Z
tx_1433,usr_1939,379.83,COMPLETED,2026-07-16T13:24:39Z
tx_1434,usr_9406,4006.47,COMPLETED,2026-07-20T03:15:36Z
tx_1435,usr_1510,718.18,COMPLETED,2026-07-19T02:17:12Z
tx_1436,usr_8179,178.82,COMPLETED,2026-07-19T01:52:46Z
tx_1437,usr_7001,1813.94,PENDING,2026-07-14T13:12:59Z
tx_1438,usr_3513,3396.91,PENDING,2026-07-16T14:40:42Z
tx_1439,usr_8273,3816.61,COMPLETED,2026-07-17T13:36:29Z
tx_1440,usr_7012,1993.18,COMPLETED,2026-07-15T20:51:08Z
tx_1441,usr_2858,134.44,COMPLETED,2026-07-17T11:54:07Z
tx_1442,usr_7340,4568.14,COMPLETED,2026-07-19T01:21:44Z
tx_1443,usr_5264,3521.67,COMPLETED,2026-07-18T01:36:39Z
tx_1444,usr_5678,3471.43,REFUNDED,2026-07-15T13:39:11Z
tx_1445,usr_3009,682.96,COMPLETED,2026-07-15T09:38:41Z
tx_1446,usr_8292,4986.33,PENDING,2026-07-19T11:38:16Z
tx_1447,usr_6236,3340.86,FAILED,2026-07-17T16:35:56Z
tx_1448,usr_9882,1455.36,COMPLETED,2026-07-15T07:26:18Z
tx_1449,usr_3852,3969.51,COMPLETED,2026-07-15T02:10:28Z
tx_1450,usr_4292,3961.37,COMPLETED,2026-07-17T08:26:49Z
tx_1451,usr_1430,1807.68,COMPLETED,2026-07-17T04:34:15Z
tx_1452,usr_3126,3061.68,COMPLETED,2026-07-16T05:32:37Z
tx_1453,usr_7523,4997.98,FAILED,2026-07-17T13:03:35Z
tx_1454,usr_7730,3846.98,PENDING,2026-07-14T19:14:26Z
tx_1455,usr_3053,4862.04,COMPLETED,2026-07-17T02:01:56Z
tx_1456,usr_8632,3402.14,COMPLETED,2026-07-19T16:21:43Z
tx_1457,usr_3981,3840.07,COMPLETED,2026-07-17T09:44:05Z
tx_1458,usr_1907,4157.80,COMPLETED,2026-07-16T04:47:28Z
tx_1459,usr_3697,814.02,PENDING,2026-07-15T17:20:11Z
tx_1460,usr_6669,4737.68,COMPLETED,2026-07-16T01:52:03Z
tx_1461,usr_2292,1256.77,COMPLETED,2026-07-17T16:43:19Z
tx_1462,usr_5496,630.23,COMPLETED,2026-07-17T14:11:36Z
tx_1463,usr_2530,2515.35,COMPLETED,2026-07-20T01:37:53Z
tx_1464,usr_3526,860.15,COMPLETED,2026-07-19T19:51:48Z
tx_1465,usr_6531,4213.44,COMPLETED,2026-07-19T08:41:01Z
tx_1466,usr_1464,410.71,PENDING,2026-07-19T00:47:17Z
tx_1467,usr_5336,3257.39,FAILED,2026-07-16T21:10:11Z
tx_1468,usr_1496,2492.70,COMPLETED,2026-07-16T02:41:11Z
tx_1469,usr_5949,2417.31,PENDING,2026-07-18T12:15:32Z
tx_1470,usr_7653,1490.68,COMPLETED,2026-07-14T17:13:31Z
tx_1471,usr_3589,2200.83,COMPLETED,2026-07-15T14:12:46Z
tx_1472,usr_6573,3035.27,COMPLETED,2026-07-18T17:07:09Z
tx_1473,usr_6231,3672.33,PENDING,2026-07-16T18:34:02Z
tx_1474,usr_3142,3804.52,COMPLETED,2026-07-14T23:57:50Z
tx_1475,usr_6228,1212.48,COMPLETED,2026-07-17T01:58:37Z
tx_1476,usr_5061,708.68,COMPLETED,2026-07-20T02:10:53Z
tx_1477,usr_7293,4321.50,COMPLETED,2026-07-19T14:31:10Z
tx_1478,usr_3616,4068.32,PENDING,2026-07-18T17:31:18Z
tx_1479,usr_6123,953.22,COMPLETED,2026-07-17T11:27:44Z
tx_1480,usr_8648,2496.30,COMPLETED,2026-07-14T11:52:31Z
tx_1481,usr_2475,4726.44,COMPLETED,2026-07-15T19:33:31Z
tx_1482,usr_4524,2918.80,COMPLETED,2026-07-16T01:28:31Z
tx_1483,usr_9108,2989.61,PENDING,2026-07-18T10:26:34Z
tx_1484,usr_8710,1432.31,COMPLETED,2026-07-15T00:09:19Z
tx_1485,usr_8060,674.01,COMPLETED,2026-07-16T13:46:12Z
tx_1486,usr_7606,1832.86,COMPLETED,2026-07-17T19:33:11Z
tx_1487,usr_4189,1815.81,COMPLETED,2026-07-16T16:45:58Z
tx_1488,usr_9261,2254.52,COMPLETED,2026-07-19T08:41:40Z
tx_1489,usr_2946,647.67,COMPLETED,2026-07-16T14:51:03Z
tx_1490,usr_6555,2791.37,COMPLETED,2026-07-15T05:30:37Z
tx_1491,usr_4261,3014.30,COMPLETED,2026-07-14T14:21:45Z
tx_1492,usr_1742,199.38,FAILED,2026-07-19T05:35:09Z
tx_1493,usr_8761,2599.07,COMPLETED,2026-07-19T18:34:18Z
tx_1494,usr_9446,703.21,PENDING,2026-07-16T06:53:21Z
tx_1495,usr_3662,1967.81,COMPLETED,2026-07-19T11:12:46Z
tx_1496,usr_5902,2970.65,COMPLETED,2026-07-17T10:43:56Z
tx_1497,usr_9721,2451.78,COMPLETED,2026-07-17T05:39:40Z
tx_1498,usr_1272,1844.95,COMPLETED,2026-07-16T21:09:47Z
tx_1499,usr_6040,3984.79,FAILED,2026-07-18T12:42:13Z
tx_1500,usr_1436,2986.56,COMPLETED,2026-07-18T07:58:38Z
